{
    "position": 
    {
        "x": 0.109800453186,
        "y": -5.35227203369,
        "z": 0.0 
    },
    "orientation": 
    {
        "x": 0.0,
        "y": 0.0,
        "z": 0.1,
        "w": 0.0
    }
}
